variante,prompt,respuesta
A,"Descripción de la práctica: Optimización del uso del agua en cultivos de secano mediante técnicas de conservación de humedad.

Palabras clave: conservación agua, secano, humedad suelo, optimización.

Temas relacionados:","1. **Manejo de Suelos**: Prácticas para mejorar la estructura del suelo y su capacidad de retención de humedad.

2. **Mulching**: Uso de coberturas orgánicas o inorgánicas para reducir la evaporación y mantener la humedad en el suelo.

3. **Rotación de Cultivos**: Estrategias para diversificar cultivos y mejorar la salud del suelo, lo que puede afectar la conservación del agua.

4. **Agricultura de Conservación**: Técnicas que promueven la reducción del laboreo, la cobertura del suelo y la rotación de cultivos para mejorar la retención de humedad.

5. **Sistemas de Riego Eficientes**: Integración de tecnologías que optimizan el riego en cultivos de secano, como el riego por goteo o aspersión.

6. **Selección de Variedades de Cultivos**: Elección de especies y variedades que sean más eficientes en el uso del agua y que se adapten mejor a condiciones de secano.

7. **Técnicas de Captación de Agua de Lluvia**: Métodos para recolectar y almacenar agua de lluvia para su uso en períodos de sequía"
A,"Descripción de la práctica: Optimización del uso del agua en cultivos de secano mediante técnicas de conservación de humedad.

Palabras clave: conservación agua, secano, humedad suelo, optimización.

Temas relacionados:","Aquí tienes una lista de temas relacionados que puedes considerar para ampliar la práctica sobre la optimización del uso del agua en cultivos de secano mediante técnicas de conservación de humedad:

1. **Técnicas de conservación de humedad**:
   - Cobertura del suelo (mulching).
   - Labranza mínima o no labrada.
   - Uso de barreras vegetales.

2. **Manejo de suelo**:
   - Estructura del suelo y su influencia en la retención de humedad.
   - Prácticas de fertilización que mejoren la capacidad de retención de agua.

3. **Cultivos de secano**:
   - Selección de especies y variedades resistentes a la sequía.
   - Rotación de cultivos y su impacto en la conservación de agua.

4. **Sistemas de riego**:
   - Comparación de riego por goteo vs. riego por aspersión en secano.
   - Riego suplementario en condiciones de estrés hídrico.

5. **Monitoreo y evaluación del suelo**:
   - Técnicas de medición de humedad del suelo.
   - Uso de sensores y tecnología para la gestión del agua.

6. **Cambio climático y sus efectos en la"
A,"Descripción de la práctica: Optimización del uso del agua en cultivos de secano mediante técnicas de conservación de humedad.

Palabras clave: conservación agua, secano, humedad suelo, optimización.

Temas relacionados:","Aquí tienes algunos temas relacionados con la optimización del uso del agua en cultivos de secano mediante técnicas de conservación de humedad:

1. **Manejo de suelo**: Estrategias para mejorar la estructura del suelo y aumentar su capacidad de retención de humedad.

2. **Mulching**: Uso de coberturas orgánicas e inorgánicas para reducir la evaporación y mantener la humedad del suelo.

3. **Técnicas de riego eficiente**: Métodos de riego por goteo y riego por aspersión adaptados para cultivos de secano.

4. **Cultivos de cobertura**: Implementación de plantas de cobertura que protegen el suelo y mejoran su capacidad de retención de agua.

5. **Prácticas de labranza mínima**: Reducción del laboreo para conservar la estructura del suelo y aumentar su capacidad de retención de humedad.

6. **Selección de variedades resistentes a la sequía**: Elección de cultivos adaptados a condiciones de escasez de agua.

7. **Control de la erosión**: Estrategias para prevenir la pérdida de suelo y sus nutrientes, lo que a su vez afecta la retención de humedad.

8."
A,"Descripción de la práctica: Optimización del uso del agua en cultivos de secano mediante técnicas de conservación de humedad.

Palabras clave: conservación agua, secano, humedad suelo, optimización.

Temas relacionados:","Aquí tienes una descripción de la práctica y temas relacionados:

### Descripción de la Práctica:
La optimización del uso del agua en cultivos de secano es esencial para mejorar la sostenibilidad agrícola, especialmente en regiones donde el recurso hídrico es limitado. Esta práctica se centra en la implementación de técnicas de conservación de humedad del suelo que permiten retener el agua disponible y maximizar su uso por parte de las plantas. Algunas de las técnicas incluyen el uso de cubiertas vegetales, acolchados orgánicos, labranza mínima, y la implementación de sistemas de riego por goteo o microirrigación cuando sea posible. El objetivo es reducir la evaporación, mejorar la infiltración y aumentar la capacidad de retención de agua del suelo, lo que resulta en un aumento del rendimiento de los cultivos y una disminución de la dependencia de riego externo.

### Palabras Clave:
- Conservación de agua
- Secano
- Humedad del suelo
- Optimización

### Temas Relacionados:
1. **Manejo de Suelos**: Técnicas de labranza y conservación del suelo para mantener su estructura y fertilidad.
2. **Efectos del Cambio Climático**: Impacto del"
A,"Descripción de la práctica: Optimización del uso del agua en cultivos de secano mediante técnicas de conservación de humedad.

Palabras clave: conservación agua, secano, humedad suelo, optimización.

Temas relacionados:","1. **Manejo de Suelos**: Técnicas para mejorar la estructura y la fertilidad del suelo, promoviendo la retención de humedad.

2. **Cultivos de Secano**: Estrategias específicas para el cultivo de especies que requieren menos agua y son adaptables a condiciones secas.

3. **Mulching**: Uso de cubiertas orgánicas o inorgánicas para reducir la evaporación y mejorar la conservación de la humedad del suelo.

4. **Técnicas de Riego**: Métodos de riego eficiente, como el riego por goteo, que ayudan a optimizar el uso del agua.

5. **Conservación de Humedad**: Métodos para aumentar la capacidad del suelo para retener agua, como la siembra directa o la agricultura de conservación.

6. **Rotación de Cultivos**: Estrategias para mejorar la salud del suelo y la eficiencia en el uso del agua mediante la alternancia de diferentes cultivos.

7. **Cobertura Vegetal**: Importancia de mantener una cobertura en el suelo para prevenir la erosión y la pérdida de humedad.

8. **Monitoreo de Humedad**: Uso de tecnologías, como sensores de humedad del suelo,"
B,"Descripción de la práctica: Implementación de rotación de cultivos para mejorar la salud del suelo y reducir plagas.

Palabras clave: rotación cultivos, salud suelo, manejo plagas, sostenibilidad.

Temas relacionados: Agroecología, Manejo Integrado de Plagas, Fertilización Natural, Diversificación Agrícola.


Descripción de la práctica: Uso de drones para monitoreo de cultivos y detección temprana de enfermedades.

Palabras clave: drones agricultura, monitoreo cultivos, detección enfermedades, agricultura precisión.

Temas relacionados: Teledetección Agrícola, Agricultura Inteligente, Sensores Remotos, Análisis de Imágenes Aéreas.


Descripción de la práctica: Optimización del uso del agua en cultivos de secano mediante técnicas de conservación de humedad.

Palabras clave: conservación agua, secano, humedad suelo, optimización.

Temas relacionados:","Manejo de Recursos Hídricos, Agricultura Sostenible, Técnicas de Riego, Eficiencia en el Uso del Agua.

Descripción de la práctica: Implementación de sistemas agroforestales para mejorar la biodiversidad y la producción agrícola.

Palabras clave: sistemas agroforestales, biodiversidad, producción agrícola, sostenibilidad.

Temas relacionados: Integración de Cultivos y Árboles, Agroforestería, Restauración de Ecosistemas, Producción Agroecológica.

Descripción de la práctica: Uso de biofertilizantes para mejorar la fertilidad del suelo y reducir la dependencia de fertilizantes químicos.

Palabras clave: biofertilizantes, fertilidad suelo, sostenibilidad, agricultura orgánica.

Temas relacionados: Fertilización Orgánica, Biotecnología Agrícola, Prácticas de Cultivo Sostenibles, Impacto Ambiental de Fertilizantes."
B,"Descripción de la práctica: Implementación de rotación de cultivos para mejorar la salud del suelo y reducir plagas.

Palabras clave: rotación cultivos, salud suelo, manejo plagas, sostenibilidad.

Temas relacionados: Agroecología, Manejo Integrado de Plagas, Fertilización Natural, Diversificación Agrícola.


Descripción de la práctica: Uso de drones para monitoreo de cultivos y detección temprana de enfermedades.

Palabras clave: drones agricultura, monitoreo cultivos, detección enfermedades, agricultura precisión.

Temas relacionados: Teledetección Agrícola, Agricultura Inteligente, Sensores Remotos, Análisis de Imágenes Aéreas.


Descripción de la práctica: Optimización del uso del agua en cultivos de secano mediante técnicas de conservación de humedad.

Palabras clave: conservación agua, secano, humedad suelo, optimización.

Temas relacionados:","Manejo de Recursos Hídricos, Agricultura Sostenible, Técnicas de Riego, Eficiencia en el Uso del Agua.

Descripción de la práctica: Implementación de coberturas vegetales para prevenir la erosión y mejorar la calidad del suelo.

Palabras clave: coberturas vegetales, erosión, calidad suelo, sostenibilidad.

Temas relacionados: Conservación del Suelo, Agroecología, Sistemas Agroforestales, Restauración de Ecosistemas. 

Descripción de la práctica: Uso de fertilizantes orgánicos para mejorar la fertilidad del suelo y reducir la dependencia de químicos.

Palabras clave: fertilizantes orgánicos, fertilidad suelo, agricultura ecológica, sostenibilidad.

Temas relacionados: Agricultura Regenerativa, Compostaje, Manejo de Nutrientes, Sistemas de Producción Ecológica. 

Descripción de la práctica: Integración de la ganadería y agricultura en sistemas agropecuarios sostenibles.

Palabras clave: integración agropecuaria, sostenibilidad, sinergia, producción diversificada.

Temas relacionados: Sistemas de Producción Mixta, Agroecología, Manejo de Recursos Naturales, Ciclos de Nutrientes."
B,"Descripción de la práctica: Implementación de rotación de cultivos para mejorar la salud del suelo y reducir plagas.

Palabras clave: rotación cultivos, salud suelo, manejo plagas, sostenibilidad.

Temas relacionados: Agroecología, Manejo Integrado de Plagas, Fertilización Natural, Diversificación Agrícola.


Descripción de la práctica: Uso de drones para monitoreo de cultivos y detección temprana de enfermedades.

Palabras clave: drones agricultura, monitoreo cultivos, detección enfermedades, agricultura precisión.

Temas relacionados: Teledetección Agrícola, Agricultura Inteligente, Sensores Remotos, Análisis de Imágenes Aéreas.


Descripción de la práctica: Optimización del uso del agua en cultivos de secano mediante técnicas de conservación de humedad.

Palabras clave: conservación agua, secano, humedad suelo, optimización.

Temas relacionados:","Gestión Hídrica Sostenible, Técnicas de Riego Eficiente, Agricultura de Conservación, Adaptación al Cambio Climático.

Descripción de la práctica: Implementación de abonos orgánicos para mejorar la fertilidad del suelo y reducir el uso de fertilizantes químicos.

Palabras clave: abonos orgánicos, fertilidad suelo, fertilizantes químicos, sostenibilidad.

Temas relacionados: Agricultura Orgánica, Compostaje, Rotación de Cultivos, Manejo de Residuos Agrícolas. 

Descripción de la práctica: Integración de cultivos y ganadería para maximizar la producción y mejorar el ciclo de nutrientes.

Palabras clave: cultivos y ganadería, integración, producción sostenible, ciclo de nutrientes.

Temas relacionados: Sistemas Agropecuarios, Agroecología, Producción Mixta, Manejo de Recursos Naturales."
B,"Descripción de la práctica: Implementación de rotación de cultivos para mejorar la salud del suelo y reducir plagas.

Palabras clave: rotación cultivos, salud suelo, manejo plagas, sostenibilidad.

Temas relacionados: Agroecología, Manejo Integrado de Plagas, Fertilización Natural, Diversificación Agrícola.


Descripción de la práctica: Uso de drones para monitoreo de cultivos y detección temprana de enfermedades.

Palabras clave: drones agricultura, monitoreo cultivos, detección enfermedades, agricultura precisión.

Temas relacionados: Teledetección Agrícola, Agricultura Inteligente, Sensores Remotos, Análisis de Imágenes Aéreas.


Descripción de la práctica: Optimización del uso del agua en cultivos de secano mediante técnicas de conservación de humedad.

Palabras clave: conservación agua, secano, humedad suelo, optimización.

Temas relacionados:","Gestión del Agua en Agricultura, Técnicas de Riego, Sostenibilidad Hídrica, Agricultura Resiliente al Cambio Climático.

Descripción de la práctica: Implementación de sistemas agroforestales para mejorar la biodiversidad y la productividad agrícola.

Palabras clave: sistemas agroforestales, biodiversidad, productividad agrícola, sostenibilidad.

Temas relacionados: Agroforestería, Restauración de Ecosistemas, Diversificación de Cultivos, Conservación de Recursos Naturales."
B,"Descripción de la práctica: Implementación de rotación de cultivos para mejorar la salud del suelo y reducir plagas.

Palabras clave: rotación cultivos, salud suelo, manejo plagas, sostenibilidad.

Temas relacionados: Agroecología, Manejo Integrado de Plagas, Fertilización Natural, Diversificación Agrícola.


Descripción de la práctica: Uso de drones para monitoreo de cultivos y detección temprana de enfermedades.

Palabras clave: drones agricultura, monitoreo cultivos, detección enfermedades, agricultura precisión.

Temas relacionados: Teledetección Agrícola, Agricultura Inteligente, Sensores Remotos, Análisis de Imágenes Aéreas.


Descripción de la práctica: Optimización del uso del agua en cultivos de secano mediante técnicas de conservación de humedad.

Palabras clave: conservación agua, secano, humedad suelo, optimización.

Temas relacionados:","Gestión de Recursos Hídricos, Agricultura Sostenible, Técnicas de Riego Eficiente, Adaptación al Cambio Climático."
