variante,prompt,respuesta,feedback
A,"Descripción de la práctica: Optimización del uso del agua en cultivos de secano mediante técnicas de conservación de humedad.

Palabras clave: conservación agua, secano, humedad suelo, optimización, temperadura, modelo.

Temas relacionados:","1. Agricultura sostenible
2. Gestión de recursos hídricos
3. Adaptación al cambio climático en agricultura
4. Técnicas de riego eficiente
5. Cultivos resistentes a la sequía
6. Conservación del suelo y agua en la agricultura
7. Tecnología agrícola para la conservación del agua
8. Modelos de simulación para el uso del agua en la agricultura
9. Mejora de la eficiencia en el uso del agua en la agricultura
10. Agricultura y cambio climático.",0.0
B,"Descripción de la práctica: Implementación de rotación de cultivos para mejorar la salud del suelo y reducir plagas.

Palabras clave: conservación agua, secano, humedad suelo, optimización, temperadura, modelo.

Temas relacionados: Agroecología, Manejo Integrado de Plagas, Fertilización Natural, Diversificación Agrícola.


Descripción de la práctica: Uso de drones para monitoreo de cultivos y detección temprana de enfermedades.

Palabras clave: drones agricultura, monitoreo cultivos, detección enfermedades, agricultura precisión, temperadura, modelo.

Temas relacionados: Teledetección Agrícola, Agricultura Inteligente, Sensores Remotos, Análisis de Imágenes Aéreas.


Descripción de la práctica: Optimización del uso del agua en cultivos de secano mediante técnicas de conservación de humedad.

Palabras clave: conservación agua, secano, humedad suelo, optimización, temperadura, modelo.

Temas relacionados:","Gestión de Recursos Hídricos, Agricultura Sostenible, Riego Eficiente, Conservación del Suelo.",1.0
B,"Descripción de la práctica: Implementación de rotación de cultivos para mejorar la salud del suelo y reducir plagas.

Palabras clave: conservación agua, secano, humedad suelo, optimización, temperadura, modelo.

Temas relacionados: Agroecología, Manejo Integrado de Plagas, Fertilización Natural, Diversificación Agrícola.


Descripción de la práctica: Uso de drones para monitoreo de cultivos y detección temprana de enfermedades.

Palabras clave: drones agricultura, monitoreo cultivos, detección enfermedades, agricultura precisión, temperadura, modelo.

Temas relacionados: Teledetección Agrícola, Agricultura Inteligente, Sensores Remotos, Análisis de Imágenes Aéreas.


Descripción de la práctica: Optimización del uso del agua en cultivos de secano mediante técnicas de conservación de humedad.

Palabras clave: conservación agua, secano, humedad suelo, optimización, temperadura, modelo.

Temas relacionados:","Conservación de Agua, Agricultura Sostenible, Manejo del Agua, Técnicas de Riego, Agricultura de Secano.",1.0
A,"Descripción de la práctica: Optimización del uso del agua en cultivos de secano mediante técnicas de conservación de humedad.

Palabras clave: conservación agua, secano, humedad suelo, optimización, temperadura, modelo.

Temas relacionados:","1. Agricultura sostenible
2. Técnicas de riego eficiente
3. Gestión de recursos hídricos en agricultura
4. Cultivos resistentes a la sequía
5. Conservación del agua en la agricultura
6. Impacto del cambio climático en la agricultura
7. Uso de tecnologías para la conservación del agua
8. Agricultura de conservación
9. Prácticas de manejo del suelo para la conservación del agua
10. Modelos de simulación para la gestión del agua en la agricultura
11. Mejora de la eficiencia del agua en la agricultura
12. Técnicas de conservación de la humedad del suelo.",1.0
B,"Descripción de la práctica: Implementación de rotación de cultivos para mejorar la salud del suelo y reducir plagas.

Palabras clave: conservación agua, secano, humedad suelo, optimización, temperadura, modelo.

Temas relacionados: Agroecología, Manejo Integrado de Plagas, Fertilización Natural, Diversificación Agrícola.


Descripción de la práctica: Uso de drones para monitoreo de cultivos y detección temprana de enfermedades.

Palabras clave: drones agricultura, monitoreo cultivos, detección enfermedades, agricultura precisión, temperadura, modelo.

Temas relacionados: Teledetección Agrícola, Agricultura Inteligente, Sensores Remotos, Análisis de Imágenes Aéreas.


Descripción de la práctica: Optimización del uso del agua en cultivos de secano mediante técnicas de conservación de humedad.

Palabras clave: conservación agua, secano, humedad suelo, optimización, temperadura, modelo.

Temas relacionados:","Manejo de Agua Agrícola, Agricultura Sostenible, Conservación de Recursos Hídricos, Técnicas de Riego Eficiente.",1.0
A,"Descripción de la práctica: Optimización del uso del agua en cultivos de secano mediante técnicas de conservación de humedad.

Palabras clave: conservación agua, secano, humedad suelo, optimización, temperadura, modelo.

Temas relacionados:","1. Agricultura sostenible
2. Gestión de recursos hídricos en agricultura
3. Técnicas de riego en cultivos de secano
4. Conservación del suelo y agua en agricultura
5. Impacto del cambio climático en la agricultura de secano
6. Uso eficiente del agua en la agricultura
7. Técnicas de manejo de la humedad del suelo
8. Modelos de simulación para la optimización del agua en la agricultura
9. Adaptación de los cultivos a condiciones de sequía
10. Mejora de la productividad agrícola con el uso eficiente del agua
11. Impacto de la temperatura en la conservación de la humedad del suelo
12. Técnicas de conservación de agua en la agricultura de secano.",1.0
A,"Descripción de la práctica: Optimización del uso del agua en cultivos de secano mediante técnicas de conservación de humedad.

Palabras clave: conservación agua, secano, humedad suelo, optimización, temperadura, modelo.

Temas relacionados:","agricultura sostenible, gestión de recursos hídricos, cambio climático, técnicas de riego, conservación del suelo, agricultura de secano, agricultura de precisión, modelado de cultivos, tecnología agrícola, adaptación al cambio climático en agricultura.",1.0
B,"Descripción de la práctica: Implementación de rotación de cultivos para mejorar la salud del suelo y reducir plagas.

Palabras clave: conservación agua, secano, humedad suelo, optimización, temperadura, modelo.

Temas relacionados: Agroecología, Manejo Integrado de Plagas, Fertilización Natural, Diversificación Agrícola.


Descripción de la práctica: Uso de drones para monitoreo de cultivos y detección temprana de enfermedades.

Palabras clave: drones agricultura, monitoreo cultivos, detección enfermedades, agricultura precisión, temperadura, modelo.

Temas relacionados: Teledetección Agrícola, Agricultura Inteligente, Sensores Remotos, Análisis de Imágenes Aéreas.


Descripción de la práctica: Optimización del uso del agua en cultivos de secano mediante técnicas de conservación de humedad.

Palabras clave: conservación agua, secano, humedad suelo, optimización, temperadura, modelo.

Temas relacionados:","Manejo de Agua en Agricultura, Técnicas de Riego, Sistemas de Riego Eficientes, Agricultura Sostenible.",1.0
A,"Descripción de la práctica: Optimización del uso del agua en cultivos de secano mediante técnicas de conservación de humedad.

Palabras clave: conservación agua, secano, humedad suelo, optimización, temperadura, modelo.

Temas relacionados:","1. Agricultura sostenible
2. Gestión de recursos hídricos
3. Cambio climático y agricultura
4. Técnicas de conservación del agua en la agricultura
5. Impacto del uso eficiente del agua en los cultivos de secano
6. Innovaciones en la agricultura para la conservación del agua
7. Modelos de optimización en la agricultura
8. Técnicas de manejo del suelo para conservar la humedad
9. Relación entre la temperatura y la humedad del suelo en los cultivos de secano
10. Agricultura en áreas de secano.",1.0
A,"Descripción de la práctica: Optimización del uso del agua en cultivos de secano mediante técnicas de conservación de humedad.

Palabras clave: conservación agua, secano, humedad suelo, optimización, temperadura, modelo.

Temas relacionados:","agricultura sostenible, manejo del agua en la agricultura, técnicas de riego eficiente, cambio climático y agricultura, conservación del suelo, agricultura de secano, modelado de sistemas agrícolas, agricultura de precisión.

La práctica consiste en aplicar diferentes técnicas para optimizar el uso del agua en cultivos de secano. Estas técnicas se enfocan en conservar la humedad del suelo para maximizar la disponibilidad de agua para las plantas. Algunas de estas técnicas pueden incluir el uso de coberturas vegetales, el manejo del riego, la selección de cultivos resistentes a la sequía y la aplicación de tecnologías de monitoreo y modelado para predecir las necesidades de agua.

El objetivo es mejorar la eficiencia en el uso del agua, reducir la dependencia de las precipitaciones y minimizar los efectos del estrés hídrico en los cultivos. Esto es especialmente relevante en áreas con condiciones de secano, donde las precipitaciones son escasas o irregulares.

Además, esta práctica puede contribuir a mitig",1.0
A,"Descripción de la práctica: Optimización del uso del agua en cultivos de secano mediante técnicas de conservación de humedad.

Palabras clave: conservación agua, secano, humedad suelo, optimización, temperadura, modelo.

Temas relacionados:","agricultura sostenible, gestión de recursos hídricos, cambio climático, agricultura de precisión, riego eficiente, técnicas de conservación del suelo, manejo de sequías, agricultura resiliente al clima, tecnología agrícola, adaptación al cambio climático en la agricultura, modelado de sistemas agrícolas, agricultura de conservación.",1.0
B,"Descripción de la práctica: Implementación de rotación de cultivos para mejorar la salud del suelo y reducir plagas.

Palabras clave: conservación agua, secano, humedad suelo, optimización, temperadura, modelo.

Temas relacionados: Agroecología, Manejo Integrado de Plagas, Fertilización Natural, Diversificación Agrícola.


Descripción de la práctica: Uso de drones para monitoreo de cultivos y detección temprana de enfermedades.

Palabras clave: drones agricultura, monitoreo cultivos, detección enfermedades, agricultura precisión, temperadura, modelo.

Temas relacionados: Teledetección Agrícola, Agricultura Inteligente, Sensores Remotos, Análisis de Imágenes Aéreas.


Descripción de la práctica: Optimización del uso del agua en cultivos de secano mediante técnicas de conservación de humedad.

Palabras clave: conservación agua, secano, humedad suelo, optimización, temperadura, modelo.

Temas relacionados:","Manejo Sostenible del Agua, Agricultura de Conservación, Riego Eficiente, Manejo de Suelos.",1.0
A,"Descripción de la práctica: Optimización del uso del agua en cultivos de secano mediante técnicas de conservación de humedad.

Palabras clave: conservación agua, secano, humedad suelo, optimización, temperadura, modelo.

Temas relacionados:","agricultura sostenible, riego eficiente, gestión de recursos hídricos, cambio climático, agricultura de conservación, técnicas de cultivo, agricultura de precisión, suelo y agua, sequía, adaptación al cambio climático, sostenibilidad ambiental, manejo del suelo, agricultura y medio ambiente, agroecología, productividad agrícola.",1.0
B,"Descripción de la práctica: Implementación de rotación de cultivos para mejorar la salud del suelo y reducir plagas.

Palabras clave: conservación agua, secano, humedad suelo, optimización, temperadura, modelo.

Temas relacionados: Agroecología, Manejo Integrado de Plagas, Fertilización Natural, Diversificación Agrícola.


Descripción de la práctica: Uso de drones para monitoreo de cultivos y detección temprana de enfermedades.

Palabras clave: drones agricultura, monitoreo cultivos, detección enfermedades, agricultura precisión, temperadura, modelo.

Temas relacionados: Teledetección Agrícola, Agricultura Inteligente, Sensores Remotos, Análisis de Imágenes Aéreas.


Descripción de la práctica: Optimización del uso del agua en cultivos de secano mediante técnicas de conservación de humedad.

Palabras clave: conservación agua, secano, humedad suelo, optimización, temperadura, modelo.

Temas relacionados:","Gestión Sostenible del Agua, Agricultura de Conservación, Técnicas de Riego Eficientes, Manejo de Recursos Hídricos.",1.0
B,"Descripción de la práctica: Implementación de rotación de cultivos para mejorar la salud del suelo y reducir plagas.

Palabras clave: conservación agua, secano, humedad suelo, optimización, temperadura, modelo.

Temas relacionados: Agroecología, Manejo Integrado de Plagas, Fertilización Natural, Diversificación Agrícola.


Descripción de la práctica: Uso de drones para monitoreo de cultivos y detección temprana de enfermedades.

Palabras clave: drones agricultura, monitoreo cultivos, detección enfermedades, agricultura precisión, temperadura, modelo.

Temas relacionados: Teledetección Agrícola, Agricultura Inteligente, Sensores Remotos, Análisis de Imágenes Aéreas.


Descripción de la práctica: Optimización del uso del agua en cultivos de secano mediante técnicas de conservación de humedad.

Palabras clave: conservación agua, secano, humedad suelo, optimización, temperadura, modelo.

Temas relacionados:","Manejo de Agua en Agricultura, Conservación de Suelos, Agricultura Sostenible, Agricultura de Secano, Hidrología Agrícola.",1.0
A,"Descripción de la práctica: Optimización del uso del agua en cultivos de secano mediante técnicas de conservación de humedad.

Palabras clave: conservación agua, secano, humedad suelo, optimización, temperadura, modelo.

Temas relacionados:","agricultura sostenible, gestión de recursos hídricos, cambio climático, agricultura de conservación, técnicas de riego, suelos agrícolas, eficiencia del agua en la agricultura, agricultura de precisión, adaptación al cambio climático en la agricultura, tecnologías de riego eficientes.",1.0
B,"Descripción de la práctica: Implementación de rotación de cultivos para mejorar la salud del suelo y reducir plagas.

Palabras clave: conservación agua, secano, humedad suelo, optimización, temperadura, modelo.

Temas relacionados: Agroecología, Manejo Integrado de Plagas, Fertilización Natural, Diversificación Agrícola.


Descripción de la práctica: Uso de drones para monitoreo de cultivos y detección temprana de enfermedades.

Palabras clave: drones agricultura, monitoreo cultivos, detección enfermedades, agricultura precisión, temperadura, modelo.

Temas relacionados: Teledetección Agrícola, Agricultura Inteligente, Sensores Remotos, Análisis de Imágenes Aéreas.


Descripción de la práctica: Optimización del uso del agua en cultivos de secano mediante técnicas de conservación de humedad.

Palabras clave: conservación agua, secano, humedad suelo, optimización, temperadura, modelo.

Temas relacionados:","Gestión Sostenible del Agua, Riego Eficiente, Agricultura de Conservación, Manejo de Recursos Hídricos.",1.0
A,"Descripción de la práctica: Optimización del uso del agua en cultivos de secano mediante técnicas de conservación de humedad.

Palabras clave: conservación agua, secano, humedad suelo, optimización, temperadura, modelo.

Temas relacionados:","1. Agricultura sostenible
2. Irrigación de cultivos
3. Conservación del agua
4. Manejo de recursos hídricos en agricultura
5. Técnicas de riego eficiente
6. Impacto del cambio climático en la agricultura
7. Mejora del rendimiento de los cultivos
8. Técnicas de conservación del suelo
9. Tecnología agrícola para la conservación del agua
10. Métodos de mejora de la humedad del suelo
11. Estrategias de adaptación al cambio climático en agricultura
12. Gestión de sequías en la agricultura. 
13. Agricultura de precisión
14. Tecnologías de riego inteligente
15. Impacto de la temperatura en la eficiencia del uso del agua en la agricultura.",1.0
B,"Descripción de la práctica: Implementación de rotación de cultivos para mejorar la salud del suelo y reducir plagas.

Palabras clave: conservación agua, secano, humedad suelo, optimización, temperadura, modelo.

Temas relacionados: Agroecología, Manejo Integrado de Plagas, Fertilización Natural, Diversificación Agrícola.


Descripción de la práctica: Uso de drones para monitoreo de cultivos y detección temprana de enfermedades.

Palabras clave: drones agricultura, monitoreo cultivos, detección enfermedades, agricultura precisión, temperadura, modelo.

Temas relacionados: Teledetección Agrícola, Agricultura Inteligente, Sensores Remotos, Análisis de Imágenes Aéreas.


Descripción de la práctica: Optimización del uso del agua en cultivos de secano mediante técnicas de conservación de humedad.

Palabras clave: conservación agua, secano, humedad suelo, optimización, temperadura, modelo.

Temas relacionados:","Manejo de Agua Agrícola, Agricultura Sostenible, Riego Eficiente, Conservación del Suelo.",1.0
B,"Descripción de la práctica: Implementación de rotación de cultivos para mejorar la salud del suelo y reducir plagas.

Palabras clave: conservación agua, secano, humedad suelo, optimización, temperadura, modelo.

Temas relacionados: Agroecología, Manejo Integrado de Plagas, Fertilización Natural, Diversificación Agrícola.


Descripción de la práctica: Uso de drones para monitoreo de cultivos y detección temprana de enfermedades.

Palabras clave: drones agricultura, monitoreo cultivos, detección enfermedades, agricultura precisión, temperadura, modelo.

Temas relacionados: Teledetección Agrícola, Agricultura Inteligente, Sensores Remotos, Análisis de Imágenes Aéreas.


Descripción de la práctica: Optimización del uso del agua en cultivos de secano mediante técnicas de conservación de humedad.

Palabras clave: conservación agua, secano, humedad suelo, optimización, temperadura, modelo.

Temas relacionados:","Manejo Sostenible del Agua, Agricultura de Conservación, Técnicas de Riego, Agricultura en Zonas Áridas.",1.0
,,,1.0
,,,1.0
,,,1.0
,,,1.0
,,,1.0
,,,1.0
,,,1.0
,,,1.0
,,,1.0
,,,1.0
,,,1.0
,,,1.0
,,,1.0
,,,1.0
,,,1.0
,,,1.0
,,,1.0
,,,1.0
,,,1.0
,,,1.0
,,,1.0
,,,1.0
,,,1.0
,,,1.0
